id,company name,Contact First name,Contact Last name,Email,phone
1,Avamba,Fanchon,Foye,ffoye0@reddit.com,274-998-7209
2,Avaveo,Galen,Lambdean,glambdean1@parallels.com,346-819-3046
3,Flipstorm,Candace,Pantling,cpantling2@cdbaby.com,923-161-4383
4,Photofeed,Cullen,Rubra,crubra3@theglobeandmail.com,579-775-6516
5,Demivee,Adamo,Matuszinski,amatuszinski4@topsy.com,677-300-0857
6,Youbridge,Baron,Vinson,bvinson5@fastcompany.com,190-745-9652
7,Meejo,Ines,Olrenshaw,iolrenshaw6@samsung.com,725-702-1091
8,InnoZ,Nicoline,Milmore,nmilmore7@dell.com,751-803-1026
9,Tagfeed,Dieter,Satchel,dsatchel8@indiatimes.com,932-555-7149
10,Jatri,Winonah,Samson,wsamson9@aboutads.info,339-323-8206
11,Feedbug,Andee,Cramp,acrampa@nymag.com,292-632-7313
12,Eare,Bel,Caughan,bcaughanb@cloudflare.com,230-954-5235
13,Twitterbridge,Harmonia,O'Hederscoll,hohederscollc@mediafire.com,559-170-2232
14,Pixoboo,Davine,Trenholme,dtrenholmed@timesonline.co.uk,418-406-9681
15,Flashpoint,Dilly,Brampton,dbramptone@edublogs.org,384-394-9208
16,Meetz,Alphonse,Warboy,awarboyf@cnet.com,882-471-0035
17,Oyope,Jenny,Curle,jcurleg@skype.com,972-466-2426
18,Leenti,Stewart,Libri,slibrih@odnoklassniki.ru,998-107-7590
19,Riffpedia,Abagael,Nisby,anisbyi@arizona.edu,405-274-2831
20,Livetube,Teador,MacPike,tmacpikej@narod.ru,406-711-8877
21,Yamia,Ilario,Keedy,ikeedyk@cbslocal.com,202-879-2583
22,Brainbox,Julie,Langley,jlangleyl@chron.com,518-977-0136
23,Meejo,Ganny,Dome,gdomem@netlog.com,376-746-1045
24,Jatri,Niccolo,Bram,nbramn@unesco.org,768-811-0370
25,Reallinks,Brietta,Hazel,bhazelo@posterous.com,857-540-1539
26,Browsecat,Mikaela,Doddridge,mdoddridgep@tripadvisor.com,272-118-7247
27,Skipstorm,Dela,Dashkovich,ddashkovichq@mashable.com,606-819-5690
28,Babbleopia,Bendick,Sawkin,bsawkinr@cbsnews.com,447-459-8541
29,Avamba,Deb,Petruszka,dpetruszkas@1und1.de,496-125-6029
30,Fatz,Beitris,Jorioz,bjoriozt@dell.com,459-837-8157
31,Photobug,Pietra,McDill,pmcdillu@usa.gov,260-861-5130
32,Browsebug,Tobie,Arran,tarranv@networkadvertising.org,965-262-4990
33,Brainbox,Jodie,Francombe,jfrancombew@google.com.hk,117-975-1987
34,Feedfish,Lyn,Routh,lrouthx@ovh.net,394-163-8058
35,Thoughtstorm,Bunni,Breen,bbreeny@go.com,557-916-7439
36,Zoomcast,Ardyce,Stones,astonesz@guardian.co.uk,945-653-1029
37,Mynte,Darda,Iacapucci,diacapucci10@nbcnews.com,478-935-9950
38,Dazzlesphere,Giorgi,Spiby,gspiby11@google.com.hk,979-222-3930
39,Skalith,Mandi,Syseland,msyseland12@amazon.com,297-145-1163
40,Skilith,Ossie,Moreno,omoreno13@amazon.co.jp,984-712-4921
41,Topiczoom,Danyelle,Feldman,dfeldman14@ox.ac.uk,123-941-2908
42,Myworks,Magda,Slator,mslator15@soup.io,530-531-6130
43,Minyx,Stefania,Drews,sdrews16@weibo.com,763-371-5912
44,Tagfeed,Ambrosi,Northwood,anorthwood17@google.ru,948-155-4643
45,Riffpedia,Nickolas,Lambert,nlambert18@nbcnews.com,538-484-7243
46,Jayo,Maressa,Pickthall,mpickthall19@tripadvisor.com,951-232-9353
47,Edgeify,Katina,Orrocks,korrocks1a@msn.com,583-797-7636
48,Quinu,Amitie,Wybrew,awybrew1b@feedburner.com,544-522-7384
49,Skaboo,Mord,Cook,mcook1c@vistaprint.com,186-202-8396
50,Demizz,Harrie,Campanelli,hcampanelli1d@goodreads.com,306-447-1619
51,Roombo,Rorie,Frissell,rfrissell1e@cnn.com,196-953-7974
52,Mita,Kassandra,Marks,kmarks1f@sohu.com,871-613-5484
53,Feedmix,Enos,Marciek,emarciek1g@rediff.com,135-736-9510
54,Voonyx,Ajay,Wince,awince1h@hugedomains.com,988-925-0054
55,Brainlounge,Dyana,Mingame,dmingame1i@cafepress.com,778-932-5910
56,Leenti,Leona,Murricanes,lmurricanes1j@surveymonkey.com,114-571-4885
57,Tazz,Dom,Cremins,dcremins1k@eepurl.com,825-319-4686
58,Rhyloo,Miguelita,Durdy,mdurdy1l@nationalgeographic.com,730-140-2010
59,Avaveo,Dick,Borgnol,dborgnol1m@sbwire.com,229-807-3736
60,Dynabox,Elnora,Butfield,ebutfield1n@fema.gov,766-358-5628
61,Dazzlesphere,Orlan,Pynner,opynner1o@goo.gl,483-724-2511
62,Bubblemix,Orelle,Rean,orean1p@yale.edu,596-440-3272
63,Cogilith,Kellia,Robinson,krobinson1q@adobe.com,637-323-7787
64,Youbridge,Bab,Hardie,bhardie1r@jiathis.com,909-872-7871
65,Gabspot,Abba,Marson,amarson1s@google.cn,796-327-4463
66,Oozz,Marje,Weldon,mweldon1t@toplist.cz,771-712-8373
67,Skyvu,Rey,Salzen,rsalzen1u@wsj.com,266-555-7358
68,Mycat,Ilario,Davydoch,idavydoch1v@youtube.com,455-621-5112
69,Meejo,Abran,Antoniat,aantoniat1w@furl.net,100-915-9177
70,Linkbuzz,Hersh,Goodrick,hgoodrick1x@gmpg.org,852-867-1555
71,Ainyx,Timmie,Axston,taxston1y@biblegateway.com,167-281-7420
72,Rhybox,Margarita,Philippault,mphilippault1z@issuu.com,952-964-5965
73,Katz,Duncan,Hanwright,dhanwright20@princeton.edu,702-684-3117
74,Divape,Lorine,Jarry,ljarry21@jiathis.com,300-443-3745
75,Youbridge,Kylen,Daughton,kdaughton22@washington.edu,123-917-7150
76,Realblab,Lilia,Point,lpoint23@constantcontact.com,570-878-0942
77,Twiyo,Desdemona,McKeever,dmckeever24@tamu.edu,605-231-5184
78,Aivee,Melli,Bartolomeotti,mbartolomeotti25@webs.com,507-785-4101
79,Tagfeed,Blakelee,O'Scanlon,boscanlon26@imdb.com,834-491-0107
80,Photofeed,Sharyl,Billany,sbillany27@github.io,315-769-9653
81,Feedfish,Jerri,Husthwaite,jhusthwaite28@omniture.com,541-934-0334
82,Rhyloo,Sasha,Clewley,sclewley29@mac.com,179-334-7720
83,Fivespan,Cyndie,O'Conor,coconor2a@devhub.com,557-299-9336
84,Oba,Leisha,Meadway,lmeadway2b@tuttocitta.it,889-100-1536
85,Dynabox,Paul,Vittori,pvittori2c@psu.edu,348-431-0758
86,Centidel,Ignazio,Rosenzwig,irosenzwig2d@furl.net,879-701-7397
87,Edgewire,Merell,Meake,mmeake2e@npr.org,408-456-6809
88,Youtags,Traver,Beckford,tbeckford2f@globo.com,728-840-9195
89,Kare,Stavro,Hrihorovich,shrihorovich2g@noaa.gov,904-292-7271
90,Wikibox,Iosep,Farrell,ifarrell2h@arstechnica.com,842-195-1993
91,Realcube,Paul,Egan,pegan2i@cafepress.com,809-144-4834
92,Topicshots,Ajay,Hamley,ahamley2j@narod.ru,239-907-2012
93,Npath,Farris,Tulk,ftulk2k@usgs.gov,180-952-1262
94,Dabvine,Oralia,Emsden,oemsden2l@elpais.com,546-972-5142
95,Eadel,Pearline,Brigham,pbrigham2m@arizona.edu,804-164-3269
96,Vinder,Kristien,Heaford,kheaford2n@unicef.org,212-950-2416
97,Kazu,Stacee,Langford,slangford2o@mozilla.com,474-959-0252
98,Gabtype,Briney,Robinet,brobinet2p@google.com,410-515-0856
99,Dablist,Zebulen,Dyett,zdyett2q@wikipedia.org,811-395-4452
100,Riffpath,Rayna,Lepere,rlepere2r@webeden.co.uk,640-947-8076
