client number,Company name,Contact first name,contact last name,Email,Phone
100,Ainyx,Timmie,Axston,taxston1y@biblegateway.com,167-281-7420
101,Aivee,Melli,Bartolomeotti,mbartolomeotti25@webs.com,507-785-4101
102,Avamba,Deb,Petruszka,dpetruszkas@1und1.de,496-125-6029
103,Avaveo,Dick,Borgnol,dborgnol1m@sbwire.com,229-807-3736
104,Babbleopia,Bendick,Sawkin,bsawkinr@cbsnews.com,447-459-8541
105,Brainbox,Jodie,Francombe,jfrancombew@google.com.hk,117-975-1987
106,Brainlounge,Dyana,Mingame,dmingame1i@cafepress.com,778-932-5910
107,Browsebug,Tobie,Arran,tarranv@networkadvertising.org,965-262-4990
108,Browsecat,Mikaela,Doddridge,mdoddridgep@tripadvisor.com,272-118-7247
109,Bubblemix,Orelle,Rean,orean1p@yale.edu,596-440-3272
110,Centidel,Ignazio,Rosenzwig,irosenzwig2d@furl.net,879-701-7397
111,Cogilith,Kellia,Robinson,krobinson1q@adobe.com,637-323-7787
112,Dablist,Zebulen,Dyett,zdyett2q@wikipedia.org,811-395-4452
113,Dabvine,Oralia,Emsden,oemsden2l@elpais.com,546-972-5142
114,Dazzlesphere,Orlan,Pynner,opynner1o@goo.gl,483-724-2511
115,Demivee,Adamo,Matuszinski,amatuszinski4@topsy.com,677-300-0857
116,Demizz,Harrie,Campanelli,hcampanelli1d@goodreads.com,306-447-1619
117,Divape,Lorine,Jarry,ljarry21@jiathis.com,300-443-3745
118,Dynabox,Paul,Vittori,pvittori2c@psu.edu,348-431-0758
119,Eadel,Pearline,Brigham,pbrigham2m@arizona.edu,804-164-3269
120,Eare,Bel,Caughan,bcaughanb@cloudflare.com,230-954-5235
121,Edgeify,Katina,Orrocks,korrocks1a@msn.com,583-797-7636
122,Edgewire,Merell,Meake,mmeake2e@npr.org,408-456-6809
123,Fatz,Beitris,Jorioz,bjoriozt@dell.com,459-837-8157
124,Feedbug,Andee,Cramp,acrampa@nymag.com,292-632-7313
125,Feedfish,Jerri,Husthwaite,jhusthwaite28@omniture.com,541-934-0334
126,Feedmix,Enos,Marciek,emarciek1g@rediff.com,135-736-9510
127,Fivespan,Cyndie,O'Conor,coconor2a@devhub.com,557-299-9336
128,Flashpoint,Dilly,Brampton,dbramptone@edublogs.org,384-394-9208
129,Flipstorm,Candace,Pantling,cpantling2@cdbaby.com,923-161-4383
130,Gabspot,Abba,Marson,amarson1s@google.cn,796-327-4463
131,Gabtype,Briney,Robinet,brobinet2p@google.com,410-515-0856
132,InnoZ,Nicoline,Milmore,nmilmore7@dell.com,751-803-1026
133,Jatri,Winonah,Samson,wsamson9@aboutads.info,339-323-8206
134,Jatri,Niccolo,Bram,nbramn@unesco.org,768-811-0370
135,Jayo,Maressa,Pickthall,mpickthall19@tripadvisor.com,951-232-9353
136,Kare,Stavro,Hrihorovich,shrihorovich2g@noaa.gov,904-292-7271
137,Katz,Duncan,Hanwright,dhanwright20@princeton.edu,702-684-3117
138,Kazu,Stacee,Langford,slangford2o@mozilla.com,474-959-0252
139,Leenti,Leona,Murricanes,lmurricanes1j@surveymonkey.com,114-571-4885
140,Linkbuzz,Hersh,Goodrick,hgoodrick1x@gmpg.org,852-867-1555
141,Livetube,Teador,MacPike,tmacpikej@narod.ru,406-711-8877
142,Meejo,Abran,Antoniat,aantoniat1w@furl.net,100-915-9177
143,Meetz,Alphonse,Warboy,awarboyf@cnet.com,882-471-0035
144,Minyx,Stefania,Drews,sdrews16@weibo.com,763-371-5912
145,Mita,Kassandra,Marks,kmarks1f@sohu.com,871-613-5484
146,Mycat,Ilario,Davydoch,idavydoch1v@youtube.com,455-621-5112
147,Mynte,Darda,Iacapucci,diacapucci10@nbcnews.com,478-935-9950
148,Myworks,Magda,Slator,mslator15@soup.io,530-531-6130
149,Npath,Farris,Tulk,ftulk2k@usgs.gov,180-952-1262
150,Oba,Leisha,Meadway,lmeadway2b@tuttocitta.it,889-100-1536
151,Oozz,Marje,Weldon,mweldon1t@toplist.cz,771-712-8373
152,Oyope,Jenny,Curle,jcurleg@skype.com,972-466-2426
153,Photobug,Pietra,McDill,pmcdillu@usa.gov,260-861-5130
154,Photofeed,Sharyl,Billany,sbillany27@github.io,315-769-9653
155,Pixoboo,Davine,Trenholme,dtrenholmed@timesonline.co.uk,418-406-9681
156,Quinu,Amitie,Wybrew,awybrew1b@feedburner.com,544-522-7384
157,Realblab,Lilia,Point,lpoint23@constantcontact.com,570-878-0942
158,Realcube,Paul,Egan,pegan2i@cafepress.com,809-144-4834
159,Reallinks,Brietta,Hazel,bhazelo@posterous.com,857-540-1539
160,Rhybox,Margarita,Philippault,mphilippault1z@issuu.com,952-964-5965
161,Rhyloo,Sasha,Clewley,sclewley29@mac.com,179-334-7720
162,Riffpath,Rayna,Lepere,rlepere2r@webeden.co.uk,640-947-8076
163,Riffpedia,Nickolas,Lambert,nlambert18@nbcnews.com,538-484-7243
164,Roombo,Rorie,Frissell,rfrissell1e@cnn.com,196-953-7974
165,Skaboo,Mord,Cook,mcook1c@vistaprint.com,186-202-8396
166,Skalith,Mandi,Syseland,msyseland12@amazon.com,297-145-1163
167,Skilith,Ossie,Moreno,omoreno13@amazon.co.jp,984-712-4921
168,Skipstorm,Dela,Dashkovich,ddashkovichq@mashable.com,606-819-5690
169,Skyvu,Rey,Salzen,rsalzen1u@wsj.com,266-555-7358
170,Tagfeed,Dieter,Satchel,dsatchel8@indiatimes.com,932-555-7149
171,Tagfeed,Blakelee,O'Scanlon,boscanlon26@imdb.com,834-491-0107
172,Tazz,Dom,Cremins,dcremins1k@eepurl.com,825-319-4686
173,Thoughtstorm,Bunni,Breen,bbreeny@go.com,557-916-7439
174,Topicshots,Ajay,Hamley,ahamley2j@narod.ru,239-907-2012
175,Topiczoom,Danyelle,Feldman,dfeldman14@ox.ac.uk,123-941-2908
176,Twitterbridge,Harmonia,O'Hederscoll,hohederscollc@mediafire.com,559-170-2232
177,Twiyo,Desdemona,McKeever,dmckeever24@tamu.edu,605-231-5184
178,Vinder,Kristien,Heaford,kheaford2n@unicef.org,212-950-2416
179,Voonyx,Ajay,Wince,awince1h@hugedomains.com,988-925-0054
180,Wikibox,Iosep,Farrell,ifarrell2h@arstechnica.com,842-195-1993
181,Yamia,Ilario,Keedy,ikeedyk@cbslocal.com,202-879-2583
182,Youbridge,Kylen,Daughton,kdaughton22@washington.edu,123-917-7150
183,Youtags,Traver,Beckford,tbeckford2f@globo.com,728-840-9195
184,Zoomcast,Ardyce,Stones,astonesz@guardian.co.uk,945-653-1029